codons,amino acid,A,C,D,E,F,G,H,K,I/L,M,N,P,Q,R,S,T,V,W,Y
GCA,A,0,0,0,0,1,1,0,0,0,0,0,0,0,0,0,3,3,0,0
GCC,A,0,0,0,0,0,2,0,0,0,0,0,0,0,0,0,1,4,0,0
GCG,A,0,0,0,0,0,0,0,0,0,0,0,1,0,0,0,0,1,0,0
GCT,A,0,0,0,0,0,3,0,0,0,0,1,0,0,0,0,5,5,0,0
TGC,C,0,0,0,0,0,2,0,0,0,0,0,0,0,0,1,0,0,0,0
TGT,C,1,0,0,0,0,0,0,0,0,0,0,0,0,0,1,0,0,0,0
GAC,D,0,0,0,0,0,0,0,0,0,0,0,0,0,0,0,0,0,0,0
GAT,D,0,0,0,0,0,0,0,0,0,0,2,0,0,0,0,0,0,0,0
GAA,E,0,0,0,0,0,0,0,1,1,0,0,0,0,0,0,0,0,0,0
GAG,E,0,0,7,0,0,0,0,1,0,2,2,0,0,0,0,0,1,0,0
TTC,F,0,0,0,0,0,0,0,0,0,0,0,0,0,0,0,0,3,0,0
TTT,F,0,0,0,0,0,0,0,0,0,0,0,0,0,0,0,0,0,0,0
GGA,G,2,0,0,0,0,0,0,0,0,0,0,0,1,0,0,0,0,0,0
GGC,G,2,0,0,0,0,0,0,0,0,0,0,0,0,0,1,0,0,0,0
GGG,G,0,0,0,0,0,0,0,0,0,0,0,0,0,0,0,1,1,0,0
GGT,G,2,0,0,0,0,0,0,0,0,0,0,0,0,0,1,0,0,0,0
CAC,H,0,0,0,0,0,0,0,0,0,0,0,0,1,0,0,0,1,0,0
CAT,H,0,0,1,0,0,0,0,0,0,0,1,0,0,0,0,0,0,0,0
ATA,I,0,0,0,0,0,0,0,0,0,1,0,0,0,0,0,0,1,0,0
ATC,I,0,0,2,0,0,0,0,0,0,1,0,0,0,0,0,1,5,0,0
ATT,I,0,0,0,0,0,1,0,0,0,0,1,1,1,0,0,0,4,0,0
AAA,K,0,0,0,0,0,0,0,0,0,0,0,0,0,0,0,0,0,0,0
AAG,K,0,0,0,1,0,0,0,0,0,0,0,0,0,2,0,1,0,0,0
CTA,L,0,0,0,0,0,0,0,0,0,0,1,0,0,0,0,0,0,0,0
CTC,L,0,0,0,0,2,1,0,0,0,0,1,0,0,0,0,0,1,1,0
CTG,L,1,0,0,1,0,0,0,0,0,1,3,1,1,0,0,0,9,0,1
CTT,L,0,0,0,0,0,0,0,0,0,1,0,0,1,0,0,0,1,0,0
TTA,L,0,0,0,0,0,0,0,0,0,0,0,0,0,0,0,0,0,0,0
TTG,L,0,0,0,0,1,1,0,0,0,1,0,0,0,0,1,1,2,0,0
ATG,M,0,0,5,0,0,0,0,0,6,0,8,0,0,0,0,0,6,0,0
AAC,N,0,0,0,0,0,0,1,0,1,0,0,0,0,0,4,0,0,0,0
AAT,N,0,0,0,0,0,2,0,0,1,0,0,1,0,0,2,0,0,0,0
CCA,P,0,0,0,0,0,0,0,0,0,0,0,0,0,0,0,0,0,0,0
CCC,P,0,0,0,0,0,0,0,0,0,0,0,0,0,0,0,0,1,0,0
CCG,P,0,0,0,0,0,0,0,0,1,0,0,0,0,0,0,0,1,0,0
CCT,P,1,0,0,0,0,0,0,0,0,0,0,0,0,0,0,0,0,0,0
CAA,Q,0,0,1,0,0,1,1,0,0,0,0,1,0,0,0,0,0,0,0
CAG,Q,2,1,0,0,0,0,0,1,1,0,0,0,0,0,0,0,0,0,0
AGA,R,0,0,0,0,0,0,0,1,0,0,0,0,0,0,0,0,0,0,0
AGG,R,0,0,0,0,0,0,0,0,0,0,0,0,0,0,0,0,0,0,0
CGA,R,0,0,0,0,0,0,0,0,0,0,0,0,0,0,0,0,0,0,0
CGC,R,0,0,0,0,0,0,1,0,0,0,0,0,0,0,0,0,0,0,0
CGG,R,0,0,0,0,0,0,0,0,0,0,0,0,0,0,0,0,0,0,0
CGT,R,0,0,0,0,0,0,0,0,0,0,0,0,0,0,0,0,0,0,0
AGC,S,0,0,0,0,0,1,0,0,0,0,2,0,0,0,0,0,0,0,0
AGT,S,0,0,0,0,0,1,0,0,0,0,1,0,0,0,0,0,0,0,0
TCA,S,0,0,0,0,0,0,0,0,0,0,0,0,0,0,0,0,0,0,0
TCC,S,0,0,0,0,0,0,0,0,0,0,0,0,0,0,0,0,0,0,0
TCG,S,0,0,0,0,0,1,0,0,0,0,0,0,0,0,0,0,0,0,0
TCT,S,0,0,0,0,0,1,0,0,0,0,2,0,0,0,0,0,1,0,0
ACA,T,1,1,1,0,0,0,0,0,1,0,0,0,0,0,0,0,1,0,0
ACC,T,2,0,0,0,0,0,0,0,1,0,0,0,0,0,6,0,1,0,0
ACG,T,0,0,1,0,0,0,0,0,0,0,0,1,0,0,0,0,1,0,0
ACT,T,0,0,0,0,0,1,0,0,0,0,2,1,1,0,1,0,1,0,0
GTA,V,0,0,0,0,0,1,0,0,5,1,0,0,0,0,0,0,0,0,0
GTC,V,1,0,0,1,1,0,0,0,1,0,1,0,0,0,0,0,0,0,0
GTG,V,2,0,0,0,1,0,0,1,7,2,0,0,0,0,0,5,0,0,0
GTT,V,0,0,0,0,0,0,0,0,1,0,0,0,0,0,0,0,0,0,0
TGG,W,0,0,11,0,0,0,0,0,0,0,0,0,0,0,0,0,0,0,0
TAC,Y,0,0,0,0,1,0,0,0,0,0,0,0,0,0,0,0,0,0,0
TAT,Y,0,0,0,0,2,0,0,0,0,0,0,0,0,0,0,0,0,0,0
